Age,Obese,Smoking,Cancer,Race,PRE_1,PGR_1
55,1,1,1,1,0.74331,1
45,0,0,0,1,0.15054,0
33,0,0,0,1,0.10615,0
22,0,1,1,2,0.64063,1
34,1,1,0,2,0.60103,1
56,1,1,1,2,0.75833,1
78,0,0,0,3,0.32059,0
47,1,0,0,3,0.08678,0
38,1,1,1,3,0.59263,1
68,0,0,1,4,0.69613,1
49,1,0,0,4,0.40773,0
34,1,1,1,4,0.89614,1
28,0,0,1,5,0.23207,0
61,1,1,1,5,0.91405,1
26,0,1,0,5,0.85388,1
